SD,RF,bitrate,freq,mag
2087288.0,1653297.4257425743,2.087288,2.625,0.0
2087288.0,1958745.3372434017,2.087288,0.65625,0.0
1137201.5377501182,1325370.58450547,1.54592,1.6640625,0.408718
1599176.9898166647,1707886.3539818584,1.907028,1.166015625,0.307851
344173.2179027804,372453.0560180967,0.578848,5.54150390625,0.234674
1456380.0,1279167.243135447,1.45638,1.3853759765625,0.0
1456380.0,1407627.6613505038,1.45638,0.346343994140625,0.0
980631.4832008332,970574.391153775,1.197357,2.3365859985351562,0.216725
1456380.0,1376001.3620846902,1.45638,0.5841464996337891,0.0
